{
  "project_info": {
    "project_number": "228305841479",
    "project_id": "myanubhav-bb67a",
    "storage_bucket": "myanubhav-bb67a.appspot.com"
  },
  "client": [
    {
      "client_info": {
        "mobilesdk_app_id": "1:228305841479:android:ff9f57d49454116b94f062",
        "android_client_info": {
          "package_name": "com.metafisa.myanubhav"
        }
      },
      "oauth_client": [
        {
          "client_id": "228305841479-r42rvaap0juif5tqrdtufhjbgmpfjndj.apps.googleusercontent.com",
          "client_type": 1,
          "android_info": {
            "package_name": "com.metafisa.myanubhav",
            "certificate_hash": "7ec338fe4d9725344fa36d59f37985a395733ae5"
          }
        },
        {
          "client_id": "228305841479-qpbbf0sl097mbusic1ls8qgum1a2kfbe.apps.googleusercontent.com",
          "client_type": 3
        }
      ],
      "api_key": [
        {
          "current_key": "AIzaSyDpDJYi6Ws2MyOsuGNCw3JRjk8OWvUhGgY"
        }
      ],
      "services": {
        "appinvite_service": {
          "other_platform_oauth_client": [
            {
              "client_id": "228305841479-qpbbf0sl097mbusic1ls8qgum1a2kfbe.apps.googleusercontent.com",
              "client_type": 3
            }
          ]
        }
      }
    }
  ],
  "configuration_version": "1"
}